name,details,qty,lat,lng,user_id,photo,tree_id,date_inserted
Bagoadlau,gina's 40th,1,14.7126392,121.072171,22,/user_upload/57260_2019-09-27 03%3A23%3A47.080118+00%3A00.jpeg,Bagoadlau-57260,2019-09-27T07%3A16%3A54Z
Bagoadlau,la mesa ecopark,1,14.7126392,121.072111,24,/user_upload/76948_2019-09-27 03%3A30%3A47.820671+00%3A00.jpeg,Bagoadlau-76948,2019-09-27T07%3A16%3A54Z
Bagoadlau,40th day gina,1,14.7126392,121.072121,23,/user_upload/59334_2019-09-27 04%3A14%3A34.866573+00%3A00.jpeg,Bagoadlau-68133,2019-09-27T07%3A16%3A54Z
Bagoadlau,40th day gina,1,14.7126392,121.072131,23,/user_upload/5731_2019-09-27 04%3A14%3A38.271637+00%3A00.jpeg,Bagoadlau-5731,2019-09-27T07%3A16%3A54Z
Malakatmon,malakatmon,1,14.651025,121.070244,26,user_upload/71499955_786632465122113_272357830588104704_n.jpg,Malakatmon-1111231,2019-10-02T07%3A16%3A54Z
Malakatmon,ffp malakatmon,1,14.650966,121.070238,27,user_upload/71523007_2544792445807528_102587832190631936_n.jpg,malakatmon-232345,2019-10-02T07%3A16%3A54Z
Malakatmon,UPCS Malakatmon,1,14.65086,121.070232,28,user_upload/71771847_1356297137869438_1600325696620593152_n.jpg,malakatmon-325534,2019-10-02T07%3A16%3A54Z
Katmon,Jude Katmon,1,14.651069,121.070181,17,user_upload/71056822_2446664172076529_3588293241339904000_n.jpg,katmon-1323123,2019-10-02T07%3A16%3A54Z
Malakatmon,EDC Malakatmon,1,14.651031,121.070177,29,user_upload/71293878_950187171986482_5616010953196830720_n.jpg,Malakatmon-4321545,2019-10-02T07%3A16%3A54Z
Katmon,Aquino Family,1,14.65098,121.070169,30,user_upload/71277863_1265070723672917_4192256000679477248_n.jpg,Katmon-23454,2019-10-02T07%3A16%3A54Z
Bungalon,katungan ecopark,1,10.779696,122.625183,17,/user_upload/22903_2019-10-13 00%3A41%3A50.642402+00%3A00.jpeg,Bungalon-22903,2019-10-13T00%3A42%3A44Z
Bakhaw,katunggan eco park,1,10.7794444,122.625,31,/user_upload/87372_2019-10-13 00%3A43%3A24.076278+00%3A00.jpeg,Bakhaw-87372,2019-10-13T00%3A43%3A39Z
Bungalon,bungalon jonalyn,1,10.779572,122.624786,35,user_upload/20191013_080856.jpg,Bungalon-456465,2019-10-13T02%3A38%3A07Z
Bungalon,bungalon jessa,1,10.779376,122.62474,36,user_upload/20191013_080940.jpg,Bungalon-3212132,2019-10-13T02%3A54%3A08Z
Bungalon,bungalon marymhar,1,10.779453,122.625237,37,/user_upload/73386_2019-10-14 03%3A12%3A37.886661+00%3A00.jpeg,Bungalon-73386,2019-10-13T03%3A12%3A37Z
Bungalon,bungalon sj,1,10.779743,122.624979,38,/user_upload/45396_2019-10-14 03%3A21%3A14.198500+00%3A00.jpeg,Bungalon-45396,2019-10-13T03%3A21%3A14Z
Bungalon,bungalon christine,1,10.77984,122.624713,40,/user_upload/4092_2019-10-14 03%3A25%3A11.377126+00%3A00.jpeg,Bungalon-4092,2019-10-13T03%3A25%3A11Z
Bungalon,bungalon jazel,1,10.779461,122.624623,41,/user_upload/28248_2019-10-14 03%3A26%3A26.113086+00%3A00.jpeg,Bungalon-28248,2019-10-13T03%3A26%3A26Z
Bungalon,bungalon rose,1,10.779307,122.624664,42,/user_upload/20382_2019-10-14 03%3A27%3A38.838381+00%3A00.jpeg,Bungalon-20382,2019-10-13T03%3A27%3A38Z
Bungalon,bungalon joy,1,10.77927,122.624511,43,/user_upload/10580_2019-10-14 03%3A28%3A42.567397+00%3A00.jpeg,Bungalon-10580,2019-10-13T03%3A28%3A42Z
Bungalon,bungalon lerma,1,10.779289,122.625099,44,/user_upload/98952_2019-10-14 03%3A30%3A50.146126+00%3A00.jpeg,Bungalon-98952,2019-10-13T03%3A30%3A50Z
Bungalon,bungalon nic,1,10.779233,122.624856,45,/user_upload/80766_2019-10-14 03%3A32%3A34.991402+00%3A00.jpeg,Bungalon-80766,2019-10-13T03%3A32%3A34Z
Bungalon,bungalon mary grace,1,10.779876,122.62537,46,/user_upload/45804_2019-10-14 03%3A34%3A04.135287+00%3A00.jpeg,Bungalon-45804,2019-10-13T03%3A34%3A04Z
Bungalon,bungalon kent,1,10.779533,122.625514,47,/user_upload/87971_2019-10-14 03%3A36%3A11.539413+00%3A00.jpeg,Bungalon-87971,2019-10-13T03%3A36%3A11Z
Bungalon,bungalon diana,1,10.779612,122.625356,48,/user_upload/21001_2019-10-14 04%3A09%3A26.225459+00%3A00.jpeg,Bungalon-21001,2019-10-13T04%3A09%3A26Z
Bungalon,bungalon nina,1,10.779612,122.625356,49,/user_upload/98857_2019-10-14 04%3A10%3A18.458882+00%3A00.jpeg,Bungalon-98857,2019-10-13T04%3A10%3A18Z
Bungalon,bungalon janrhey,1,10.779354,122.625373,50,/user_upload/93515_2019-10-14 04%3A17%3A35.589222+00%3A00.jpeg,Bungalon-93515,2019-10-13T04%3A17%3A35Z
Bungalon,bungalon mitze,1,10.779332,122.625582,51,/user_upload/33864_2019-10-14 04%3A19%3A05.306031+00%3A00.jpeg,Bungalon-33864,2019-10-13T04%3A19%3A05Z
Bungalon,bungalon luz,1,10.779517,122.625618,52,/user_upload/12072_2019-10-14 04%3A21%3A41.089164+00%3A00.jpeg,Bungalon-12072,2019-10-13T04%3A21%3A41Z
Bungalon,bungalon trisha,1,10.779669,122.625566,53,/user_upload/58725_2019-10-14 04%3A23%3A33.366026+00%3A00.jpeg,Bungalon-58725,2019-10-13T04%3A23%3A33Z
Bungalon,bungalon faith,1,10.779876,122.625483,54,/user_upload/88876_2019-10-14 04%3A24%3A49.697986+00%3A00.jpeg,Bungalong-88876,2019-10-13T04%3A24%3A49Z
Bungalon,bungalon nica,1,10.779929,122.625269,55,/user_upload/14599_2019-10-14 04%3A27%3A11.085713+00%3A00.jpeg,Bungalon-14599,2019-10-13T04%3A27%3A11Z
Bungalon,bungalon jonnalyn mon,1,10.779864,122.625104,57,user_upload/20191013_083231.jpg,Bungalon-72432,2019-10-13T04%3A32%3A23Z
Bungalon,bungalon rona,1,10.779583,122.625108,58,/user_upload/35994_2019-10-14 04%3A35%3A26.305788+00%3A00.jpeg,Bungalon-35994,2019-10-13T04%3A35%3A26Z
Bungalon,bungalon russnie,1,10.779634,122.62501,59,/user_upload/23849_2019-10-14 04%3A36%3A17.808783+00%3A00.jpeg,Bungalon-23849,2019-10-13T04%3A36%3A17Z
Bungalon,bungalon candy,1,10.779562,122.624912,60,/user_upload/19937_2019-10-14 04%3A37%3A05.128963+00%3A00.jpeg,Bungalon-19937,2019-10-13T04%3A37%3A05Z
Bungalon,bungalon christian,1,10.779759,122.62484,61,/user_upload/77611_2019-10-14 04%3A38%3A19.141447+00%3A00.jpeg,Bungalon-77611,2019-10-13T04%3A38%3A19Z
Bungalon,bungalon wichell,1,10.779262,122.624983,64,/user_upload/41045_2019-10-14 04%3A41%3A14.989055+00%3A00.jpeg,Bungalon-41045,2019-10-13T04%3A41%3A14Z
Bungalon,bungalon donna,1,10.7793,122.625199,65,/user_upload/59163_2019-10-14 04%3A42%3A43.267108+00%3A00.jpeg,Bungalon-59163,2019-10-13T04%3A42%3A43Z
Bungalon,bungalon maricel,1,10.779248,122.624778,66,/user_upload/34656_2019-10-14 04%3A44%3A24.668561+00%3A00.jpeg,Bungalon-34656,2019-10-13T04%3A44%3A24Z
Bungalon,bungalon janice,1,10.779184,122.624587,67,/user_upload/30415_2019-10-14 04%3A45%3A36.124628+00%3A00.jpeg,Bungalon-30415,2019-10-13T04%3A45%3A36Z
Bungalon,bungalon april,1,10.779472,122.624515,68,/user_upload/4516_2019-10-14 04%3A49%3A41.985463+00%3A00.jpeg,Bungalon-4516,2019-10-13T04%3A49%3A41Z
Bungalon,bungalon herschelle,1,10.779472,122.624515,69,/user_upload/67558_2019-10-14 04%3A50%3A22.691846+00%3A00.jpeg,Bungalon-67558,2019-10-13T04%3A50%3A22Z
Bungalon,bungalon jude,1,10.779724,122.624665,17,/user_upload/12820_2019-10-14 04%3A52%3A47.721220+00%3A00.jpeg,Bungalon-12820,2019-10-13T04%3A52%3A47Z
Bungalon,bungalon mariaT,1,10.779812,122.624537,71,/user_upload/10056_2019-10-15 03%3A31%3A57.501536+00%3A00.jpeg,Bungalon-10056,2019-10-13T03%3A31%3A57Z
Bungalon,bungalon eljean,1,10.779816,122.624423,72,/user_upload/63621_2019-10-15 03%3A38%3A16.476303+00%3A00.jpeg,Bungalon-63621,2019-10-13T03%3A38%3A16Z
Bakhaw,bakhaw rhayan,1,10.779731,122.624391,73,/user_upload/19272_2019-10-15 03%3A40%3A38.841406+00%3A00.jpeg,Bakhaw-19272,2019-10-13T03%3A40%3A38Z
Bungalon,bungalon rhayan,1,10.77962,122.62435,74,/user_upload/7315_2019-10-15 03%3A41%3A53.073691+00%3A00.jpeg,Bungalon-7315,2019-10-13T03%3A41%3A53Z
Bungalon,bungalon jucelio,1,10.779468,122.624384,75,/user_upload/53240_2019-10-15 03%3A43%3A49.458880+00%3A00.jpeg,Bungalon-53240,2019-10-13T03%3A43%3A49Z
Bungalon,bungalon reaflor,1,10.77936,122.624346,76,/user_upload/33724_2019-10-15 03%3A44%3A51.326216+00%3A00.jpeg,Bungalon-33724,2019-10-13T03%3A44%3A51Z
Bungalon,bungalon reypasco,1,10.779294,122.62444,77,/user_upload/61474_2019-10-15 03%3A46%3A12.514567+00%3A00.jpeg,Bungalon-61474,2019-10-13T03%3A46%3A12Z
Bungalon,bungalon janoh,1,10.779272,122.624348,79,/user_upload/8418_2019-10-15 03%3A49%3A09.894529+00%3A00.jpeg,Bungalon-8418,2019-10-13T03%3A49%3A09Z
Bungalon,bungalon jundiaz,1,10.779193,122.624376,80,/user_upload/9806_2019-10-15 03%3A50%3A56.721590+00%3A00.jpeg,Bungalon-9806,2019-10-13T03%3A50%3A56Z
Bungalon,bungalon joshua,1,10.779972,122.625029,81,/user_upload/46819_2019-10-15 04%3A43%3A26.333712+00%3A00.jpeg,Bungalon-46819,2019-10-13T04%3A43%3A26Z
Bungalon,bungalon mg,1,10.779835,122.625257,82,/user_upload/77400_2019-10-15 04%3A47%3A00.627913+00%3A00.jpeg,Bungalon-77400,2019-10-13T04%3A47%3A00Z
Bungalon,bungalon may,1,10.779708,122.625391,83,/user_upload/13211_2019-10-15 04%3A49%3A55.273546+00%3A00.jpeg,Bungalon-13211,2019-10-13T04%3A49%3A55Z
Bungalon,bungalon aira,1,10.780042,122.62551,84,/user_upload/83173_2019-10-15 04%3A51%3A43.969376+00%3A00.jpeg,Bungalon-83173,2019-10-13T04%3A51%3A43Z
Bungalon,bungalon noemar,1,10.780007,122.625403,85,/user_upload/82374_2019-10-15 04%3A52%3A36.913534+00%3A00.jpeg,Bungalon-82374,2019-10-13T04%3A52%3A36Z
Bungalon,bungalon vanessa,1,10.779808,122.625557,86,/user_upload/69924_2019-10-15 04%3A53%3A37.410335+00%3A00.jpeg,Bungalon-69924,2019-10-13T04%3A53%3A37Z
Bungalon,bungalon ardy,1,10.780066,122.625601,87,/user_upload/23338_2019-10-15 04%3A54%3A51.209971+00%3A00.jpeg,Bungalon-23338,2019-10-13T04%3A54%3A51Z
Bungalon,bungalon angelica,1,10.779958,122.625587,88,/user_upload/11344_2019-10-15 04%3A56%3A34.864772+00%3A00.jpeg,Bungalon-11344,2019-10-13T04%3A56%3A34Z
Bungalon,bungalon mella,1,10.779772,122.625493,89,/user_upload/6060_2019-10-15 04%3A59%3A14.845846+00%3A00.jpeg,Bungalon-6060,2019-10-13T04%3A59%3A14Z
Bungalon,bungalon shaira,1,10.779461,122.625326,90,/user_upload/9482_2019-10-15 05%3A00%3A23.190751+00%3A00.jpeg,Bungalon-9482,2019-10-13T05%3A00%3A23Z
Bungalon,bungalon mariafe,1,10.779475,122.625467,91,/user_upload/66970_2019-10-15 05%3A02%3A08.057901+00%3A00.jpeg,Bungalon-66970,2019-10-13T05%3A02%3A08Z
Bungalon,bungalon jessa2,1,10.779463,122.625626,92,/user_upload/22615_2019-10-15 05%3A04%3A21.165397+00%3A00.jpeg,Bungalon-22615,2019-10-13T05%3A04%3A21Z
Bungalon,bungalon girlie,1,10.779432,122.625742,93,/user_upload/9917_2019-10-15 05%3A06%3A02.046704+00%3A00.jpeg,Bungalon-9917,2019-10-13T05%3A06%3A02Z
Bungalon,bungalon rey,1,10.779629,122.625663,94,/user_upload/60033_2019-10-15 05%3A07%3A12.253224+00%3A00.jpeg,Bungalon-60033,2019-10-13T05%3A07%3A12Z
Bungalon,bungalon sisgee,1,10.779593,122.62577,95,/user_upload/74344_2019-10-15 05%3A07%3A56.426042+00%3A00.jpeg,Bungalon-74344,2019-10-13T05%3A07%3A56Z
